Job_Url,Job_Title,Company
https://www.jobberman.com/listings/accountant-48gdmr,Accountant,Stylish Hair and Beauty Studio Ltd
https://www.jobberman.com/listings/finance-lead-rvx6k2,Finance Lead,Jobberman (Third Party Recruitment)
https://www.jobberman.com/listings/accountant-vejz8v,Accountant,Ayomo bakery
https://www.jobberman.com/listings/accountant-6kj5dg,Accountant,JTech Global Resources Ltd
https://www.jobberman.com/listings/accountant-cost-accountant-0w4d7z,Accountant/ Cost Accountant,NCIC Oil Service
https://www.jobberman.com/listings/accountant-8579e4,Accountant,KAYLOG ECONOMIC FREEDOM CAMPAIGN
https://www.jobberman.com/listings/finance-manager-eqkx8v,Finance Manager,Jobberman (Third Party Recruitment)
https://www.jobberman.com/listings/cashier-0w4988,Cashier,Eric Kayser Ltd
https://www.jobberman.com/listings/management-accountant-nxqj9w,Management Accountant,Repositioning and Rebranding Global
https://www.jobberman.com/listings/assurance-associate-p64nev,Assurance Associate,Shelze Professional Services
https://www.jobberman.com/listings/assurance-associate-jr05ee,Assurance Associate,Shelze Professional Services
https://www.jobberman.com/listings/client-administrator-48grwe,Client Administrator,Jobberman (Third Party Recruitment)
https://www.jobberman.com/listings/finance-manager-zd0rrx,Finance Manager,Truvis Agro Services Ltd
https://www.jobberman.com/listings/finance-intern-6kjrnz,Finance Intern,Diversiboard
https://www.jobberman.com/listings/assistant-accounts-manager-48grnz,Assistant Accounts Manager,HealthLine Limited
https://www.jobberman.com/listings/moc-finance-manager-48grjr,Finance Manager,Making of Champions
https://www.jobberman.com/listings/internal-control-audit-officer-kgzp4m,Internal Control & Audit Officer,Opticom Finance Limited
https://www.jobberman.com/listings/accounting-and-inventory-officer-mpw6kj,Accounting and Inventory Officer,Beniks Courtyard Limited
https://www.jobberman.com/listings/account-assistantcashier-0w4ng8,Account Assistant/Cashier,Livewell Gardens Limited
https://www.jobberman.com/listings/accountant-48gdmr,Accountant,Stylish Hair and Beauty Studio Ltd
https://www.jobberman.com/listings/finance-lead-rvx6k2,Finance Lead,Jobberman (Third Party Recruitment)
https://www.jobberman.com/listings/accountant-vejz8v,Accountant,Ayomo bakery
https://www.jobberman.com/listings/investment-planner-dkg0er,Investment Planner,FULLHEDGE AUDIT
https://www.jobberman.com/listings/accountant-rvxn2m,Accountant,Infinity Synergy Consult Ltd
https://www.jobberman.com/listings/accountantmanager-756j45,Accountant,Tamzad Premium Foods Limited
https://www.jobberman.com/listings/accountant-eqkrx2,Accountant,Justice & Empowerment Initiatives - Nigeria
https://www.jobberman.com/listings/finance-manager-48gnzr,Finance Manager,ALLER AQUA NIGERIA LIMITED
https://www.jobberman.com/listings/debt-recovery-agent-vejwrm,Debt Recovery Agent,Anonymous Employer
https://www.jobberman.com/listings/assistant-finance-manager-0w47zz,Assistant Finance Manager,Pomat Peters Nigeria Limited
https://www.jobberman.com/listings/administrative-secretary-p64m6p,Administrative Secretary,Elite Logistics Development Services Limited
https://www.jobberman.com/listings/senior-trade-officer-eqkqxd,Senior Trade Officer,Deputy High Commission of Canada
https://www.jobberman.com/listings/financial-analyst-99v955,Financial Analyst,Anonymous Employer
https://www.jobberman.com/listings/auditor-5xkx6g,Auditor,Bons Industries Limited
https://www.jobberman.com/listings/finance-officer-p64wv4,Finance Officer,Circuit Pointe
https://www.jobberman.com/listings/accountant-eqk5ex,Accountant,Funtay Global Resources Ltd
https://www.jobberman.com/listings/finance-manager-75684z,Finance Manager,Telemetry Nigeria Ltd
https://www.jobberman.com/listings/senior-associate-corporate-finance-nxqgnw,"Senior Associate, Corporate Finance",Jobberman (Third Party Recruitment)
https://www.jobberman.com/listings/ceo-capital-markets-0w4g08,"CEO, Capital Markets",Jobberman (Third Party Recruitment)
https://www.jobberman.com/listings/accountant-48gdmr,Accountant,Stylish Hair and Beauty Studio Ltd
https://www.jobberman.com/listings/finance-lead-rvx6k2,Finance Lead,Jobberman (Third Party Recruitment)
https://www.jobberman.com/listings/accountant-vejz8v,Accountant,Ayomo bakery
https://www.jobberman.com/listings/accountbilling-officer-99vmj7,Account/Billing Officer,VCARE DIAGNOSTICS LIMITED
https://www.jobberman.com/listings/chief-risk-officer-vej4wj,Chief Risk officer,Anonymous Employer
https://www.jobberman.com/listings/head-audit-and-compliance-7568wq,"Head, Audit and Compliance",Anonymous Employer
https://www.jobberman.com/listings/finance-manager-eqknvj,Finance Manager,EMJET Integrated Services Limited
https://www.jobberman.com/listings/finance-and-accounts-officer-w26e2k,Finance and Accounts Officer,Humble Tiger Professional Services
https://www.jobberman.com/listings/account-officer-857vvn,Account Officer,Quantum Light Ltd
https://www.jobberman.com/listings/accounts-officer-vejm8v,Accounts Officer,Current Link System
https://www.jobberman.com/listings/account-manager-756vgm,Account Manager,Paye Payment Solutions Limited
https://www.jobberman.com/listings/auditor-8570kp,Auditor,Ayo Falaiye & Co Chartered Accountant
https://www.jobberman.com/listings/internal-auditor-dkgr0g,Internal Auditor,Mopheth Pharmacy
https://www.jobberman.com/listings/accountant-p64p0r,Accountant,Mopheth Nigeria Limited
https://www.jobberman.com/listings/accountant-75qnkg,Accountant,Cloud Nine Records
https://www.jobberman.com/listings/accountant-2qvp0p,Accountant,International Facilities Services
https://www.jobberman.com/listings/accountant-75qkkq,Accountant,Wren Regent Properties Limited
https://www.jobberman.com/listings/accoutant-x2m552,Accoutant,Medcourt Support Services
https://www.jobberman.com/listings/accountant-nxv4e0,Accountant,Hairitage Hub
https://www.jobberman.com/listings/accountant-48gdmr,Accountant,Stylish Hair and Beauty Studio Ltd
https://www.jobberman.com/listings/finance-lead-rvx6k2,Finance Lead,Jobberman (Third Party Recruitment)
https://www.jobberman.com/listings/accountant-vejz8v,Accountant,Ayomo bakery
https://www.jobberman.com/listings/account-executive-ver26w,Account Executive,Peniel Consult
https://www.jobberman.com/listings/accountant-zdk79v,Accountant,CAKES AND CREAM
https://www.jobberman.com/listings/internal-audit-and-control-officer-99zpxv,Internal Audit and Control Officer,Obiwezy
https://www.jobberman.com/listings/accountant-ver2zp,Accountant,CCEP Enterprises
https://www.jobberman.com/listings/insurance-advisor-858jk9,Insurance Advisor,Leadway Assurance Co. Ltd
https://www.jobberman.com/listings/finance-manager-g9rnv0,Finance Manager,Medcourt Support Services
https://www.jobberman.com/listings/accountant-rvwppj,Accountant,Jobberman (Third Party Recruitment)
https://www.jobberman.com/listings/internal-auditor-eq8089,Internal Auditor,FAE LTD
https://www.jobberman.com/listings/investment-analyst-dkqvq7,Investment Analyst,Metis Capital Partners Limited
https://www.jobberman.com/listings/credit-support-officer-75qe4g,Credit Support Officer,KAYLOG ECONOMIC FREEDOM CAMPAIGN
https://www.jobberman.com/listings/accountant-nxvm2g,Hotel Accountant,Hotel De Bently
https://www.jobberman.com/listings/audit-trainee-0w6edm,Audit Trainee,A.A MATTHEW & CO INTERNATIONAL LTD
https://www.jobberman.com/listings/accounts-officer-dkqv0w,Accounts officer,OMA ACCOUNTING SERVICES
https://www.jobberman.com/listings/head-of-accounting-zdkmwq,Head of Accounting,EbeleChukwu Group of Schools
https://www.jobberman.com/listings/icanacca-newly-qualified-audit-trainee-zdkmz6,Audit Trainee,Knights Business School
https://www.jobberman.com/listings/finance-analyst-rvwejn,Finance Analyst,Insiteful Solutions Ltd
https://www.jobberman.com/listings/accountant-48gdmr,Accountant,Stylish Hair and Beauty Studio Ltd
https://www.jobberman.com/listings/finance-lead-rvx6k2,Finance Lead,Jobberman (Third Party Recruitment)
https://www.jobberman.com/listings/accountant-vejz8v,Accountant,Ayomo bakery
https://www.jobberman.com/listings/accountant-0w644e,Accountant - Abuja,Eden Solutions & Resources Limited
https://www.jobberman.com/listings/accountant-verjj8,Accountant - Abuja,Eden Solutions & Resources Limited
https://www.jobberman.com/listings/accountant-x2m77m,Accountant - Abuja,Eden Solutions & Resources Limited
https://www.jobberman.com/listings/account-clerk-abuja-dkqgzr,Account Clerk - Abuja,Eden Solutions & Resources Limited
https://www.jobberman.com/listings/accountant-jrgggr,Accountant,Anonymous Employer
https://www.jobberman.com/listings/head-treasury-and-investment-489we5,"Head, Treasury And Investment",KAYLOG ECONOMIC FREEDOM CAMPAIGN
https://www.jobberman.com/listings/finance-associate-858rwr,Finance Associate,Merrybet Gold Limited
https://www.jobberman.com/listings/chief-accountant-99z6z0,Chief Accountant,AllTrust Pharmacy
https://www.jobberman.com/listings/finance-accounts-manager-q7n84v,Finance & Accounts Manager,The Citadel Global Community Church
https://www.jobberman.com/listings/compliance-finance-lead-kgz0en,Compliance & Finance Lead,Community Phone
https://www.jobberman.com/listings/fpa-revenue-manager-w26w7g,"FP&A, Revenue Manager",Remote
https://www.jobberman.com/listings/stock-plan-administrator-nxqwe9,Stock Plan Administrator,Remote
https://www.jobberman.com/listings/head-of-finance-dkgn2g,Head of Finance,Sourcegraph
https://www.jobberman.com/listings/senior-finance-analyst-q7r9rn,Senior Finance Analyst,0x
https://www.jobberman.com/listings/finance-supervisor-billing-jr0p9w,Finance Supervisor (Billing),MainOne
https://www.jobberman.com/listings/finance-operations-officer-kgzpn2,Finance Operations Officer,MainOne
https://www.jobberman.com/listings/accountant-48gdmr,Accountant,Stylish Hair and Beauty Studio Ltd
https://www.jobberman.com/listings/finance-lead-rvx6k2,Finance Lead,Jobberman (Third Party Recruitment)
https://www.jobberman.com/listings/accountant-vejz8v,Accountant,Ayomo bakery
https://www.jobberman.com/listings/stock-plan-administrator-5xk9gx,Stock Plan Administrator,Remote
https://www.jobberman.com/listings/revenue-manager-g96pdn,Revenue Manager,Remote
https://www.jobberman.com/listings/assistant-manager-finance-99v5jp,"Assistant Manager, Finance",Dangote Cement
https://www.jobberman.com/listings/accounts-officer-0w4n7e,Accounts Officer,Dangote Cement
https://www.jobberman.com/listings/accounts-officer-vejgw8,Accounts Officer,Dangote Cement
https://www.jobberman.com/listings/finance-manager-756pwz,Finance Manager,Dangote Cement
https://www.jobberman.com/listings/financial-reporting-accountant-g96mmk,Financial Reporting Accountant,Migo
https://www.jobberman.com/listings/financial-analyst-mpw009,Financial Analyst,Migo
https://www.jobberman.com/listings/team-lead-fraud-desk-0w4k2w,"Team Lead, Fraud Desk",Teamapt
https://www.jobberman.com/listings/field-credit-risk-officer-48gnxz,Field Credit Risk Officer,Teamapt
https://www.jobberman.com/listings/bank-sales-manager-cross-river-p64d8x,Bank Sales Manager (Cross River),Teamapt
https://www.jobberman.com/listings/moniepoint-customer-success-kwara-state-x27dvj,MONIEPOINT CUSTOMER SUCCESS (KWARA STATE),Teamapt
https://www.jobberman.com/listings/market-intelligence-analyst-w26m64,Market Intelligence Analyst,Teamapt
